worker_id	gender	english_first_language	age_group	education
833	female	0	45-60	bachelors
1072	male	0	30-45	bachelors
872	male	0	18-30	hs
2116	male	0	30-45	professional
453	male	0	30-45	hs
164	female	0	30-45	bachelors
301	male	0	18-30	professional
77	female	1	30-45	some
865	female	1	30-45	doctorate
715	male	0	18-30	bachelors
1852	male	0	30-45	hs
344	male	0	30-45	hs
916	male	0	30-45	hs
407	female	0	18-30	masters
2912	male	1	18-30	professional
10	male	0	30-45	bachelors
177	male	0	45-60	hs
1704	male	0	30-45	professional
272	male	0	18-30	bachelors
1343	female	1	45-60	bachelors
3038	female	0		masters
156	male	0	45-60	hs
1042	male	0	18-30	hs
2364	male	0	18-30	professional
461	male	0	30-45	masters
26	male	0	30-45	professional
3630	male	0	30-45	masters
168	female	0	30-45	hs
606	female	0	45-60	bachelors
150	male	0	30-45	masters
3422	male	0	45-60	professional
1689	male	0	18-30	masters
1228	male	0	18-30	bachelors
1213	female	0	45-60	hs
1243	female	0	18-30	bachelors
1678	male	0	30-45	hs
11	male	0	30-45	professional
81	male	0	18-30	professional
163	female	0	30-45	hs
1607	male	0	18-30	bachelors
2688	male	0	45-60	bachelors
2231	male	0	30-45	hs
1890	male	0	18-30	hs
217	male	0	18-30	bachelors
1152	male	0	30-45	hs
1475	male	0	18-30	bachelors
382	male	0	30-45	bachelors
3493	male	0	18-30	bachelors
452	male	0	45-60	masters
3618	male	0	45-60	bachelors
3773	male	0	45-60	masters
1062	male	0	30-45	hs
1117	female	0	30-45	professional
2699	female	0	18-30	masters
365	male	0	18-30	hs
445	male	0	18-30	hs
876	male	0	18-30	some
1110	female	0	Under 18	hs
3629	male	0	18-30	bachelors
1093	male	0	18-30	some
208	female	1	30-45	hs
1991	female	0	30-45	bachelors
4026	male	0	30-45	hs
1622	female	0	45-60	bachelors
51	male	0	30-45	hs
3173	female	0	30-45	professional
877	male	0	18-30	bachelors
2319	male	0	30-45	hs
1223	male	0	30-45	hs
475	male	1	18-30	bachelors
840	female	0	18-30	professional
3677	female	0	18-30	bachelors
993	female	0	18-30	professional
1006	male	0	30-45	bachelors
34	female	0	30-45	bachelors
151	male	0	30-45	hs
1556	female	0	30-45	bachelors
1667	male	0	30-45	professional
1951	male	0	18-30	bachelors
89	male	1	18-30	bachelors
578	female	0	30-45	hs
3821	female	0	18-30	bachelors
1743	male	0	18-30	bachelors
294	male	0	18-30	some
12	male	0	30-45	professional
261	male	0	18-30	masters
328	male	0	18-30	bachelors
384	male	0	18-30	masters
2334	male	1	30-45	bachelors
2674	female	1	45-60	hs
2982	female	0	18-30	bachelors
3221	male	0	18-30	bachelors
180	male	0	18-30	bachelors
311	male	0	18-30	bachelors
2474	female	0	18-30	bachelors
1135	male	0	30-45	bachelors
1762	female	0	30-45	bachelors
480	female	0	30-45	masters
2569	male	1	30-45	masters
1056	female	0	30-45	bachelors
587	female	0	18-30	professional
2944	female	0	18-30	masters
2493	male	0	18-30	masters
1377	male	0	45-60	hs
647	male	0	18-30	hs
1889	male	0	18-30	bachelors
656	male	0	45-60	hs
483	male	0	30-45	professional
1156	male	0	30-45	hs
1599	male	0	18-30	hs
273	male	0	18-30	bachelors
2876	female	0	30-45	bachelors
45	male	0	18-30	bachelors
957	female	0	30-45	bachelors
2869	male	0	30-45	masters
672	female	1	30-45	bachelors
3188	male	0	30-45	bachelors
663	female	0	30-45	bachelors
2281	male	0	30-45	hs
680	male	0	30-45	bachelors
140	male	0	18-30	bachelors
2939	male	1	45-60	bachelors
1007	male	0	18-30	professional
907	male	0	30-45	professional
5	male	0	18-30	bachelors
1068	male	0	18-30	masters
1424	male	0	45-60	professional
3759	female	0	30-45	masters
1012	male	1	30-45	hs
836	female	0	30-45	masters
1295	female	0	30-45	hs
122	male	0	18-30	bachelors
1086	male	0	30-45	bachelors
2343	male	0	18-30	some
1394	female	0	18-30	bachelors
1683	male	0	18-30	bachelors
668	female	0	18-30	bachelors
2408	male	1	30-45	hs
3034	male	0	45-60	hs
136	female	0	30-45	hs
408	female	0	18-30	bachelors
2342	female	0	30-45	bachelors
3508	male	0	18-30	bachelors
1488	male	0	30-45	hs
1050	male	0	18-30	professional
2902	female	0	18-30	hs
1191	female	0	30-45	bachelors
403	female	0	30-45	professional
1963	male	0	18-30	hs
1766	male	0	30-45	bachelors
671	male	0	18-30	bachelors
3069	male	0	30-45	professional
214	female	0	30-45	bachelors
543	female	0	30-45	hs
1786	male	0	30-45	bachelors
834	female	0	30-45	hs
324	male	0	30-45	bachelors
200	male	0	45-60	hs
2893	female	0	30-45	bachelors
958	male	0	18-30	masters
3085	male	0	30-45	masters
933	male	0	30-45	hs
160	male	0	30-45	bachelors
186	female	0	30-45	bachelors
3072	female	0	30-45	bachelors
14	male	0	30-45	bachelors
1034	male	0	30-45	professional
4049	female	0	18-30	bachelors
1060	male	0	18-30	bachelors
3517	female	0	30-45	professional
1127	female	0	45-60	masters
270	male	0	30-45	masters
1772	female	0	18-30	masters
2847	male	0	18-30	hs
3669	female	0	30-45	bachelors
791	female	0	18-30	bachelors
1310	male	0	30-45	masters
1630	male	0	18-30	hs
1551	female	0	30-45	professional
1399	male	0	18-30	hs
646	male	0	18-30	hs
991	male	0	18-30	professional
62	male	0	45-60	bachelors
960	female	0	30-45	hs
867	male	0	18-30	hs
505	female	0	30-45	professional
1586	male	0	30-45	bachelors
1830	female	0	18-30	hs
1612	male	0	30-45	hs
2259	male	0	30-45	hs
1718	male	0	18-30	bachelors
1169	male	1	30-45	professional
2803	male	0	30-45	bachelors
1840	male	0	45-60	hs
925	female	1	18-30	bachelors
616	male	0	30-45	bachelors
498	female	0	18-30	masters
159	male	0	30-45	hs
103	male	0	18-30	hs
1222	female	1	Under 18	hs
1446	female	1	18-30	hs
1177	male	0	30-45	masters
818	female	1	45-60	hs
2748	female	1	30-45	hs
1274	male	0	18-30	bachelors
227	male	0	30-45	masters
1416	male	0	30-45	bachelors
525	female	0	18-30	hs
306	male	0	30-45	bachelors
2301	female	0	18-30	hs
796	male	0	Over 60	bachelors
2300	male	0	30-45	bachelors
3005	female	0	18-30	professional
1447	male	0	Under 18	hs
1974	male	1	18-30	hs
44	male	0	30-45	professional
1100	female	0	18-30	bachelors
2627	male	0	18-30	bachelors
1102	female	0	30-45	hs
128	male	0	18-30	hs
2139	male	0	30-45	bachelors
1019	female	0	18-30	bachelors
266	male	0	30-45	bachelors
1708	female	0	30-45	bachelors
2218	male	0	18-30	bachelors
110	female	0	30-45	masters
1608	male	1	18-30	hs
2572	male	0	18-30	bachelors
2841	male	0	30-45	bachelors
1732	female	0	18-30	bachelors
605	male	0	18-30	bachelors
1270	male	0	18-30	hs
345	male	0	Over 60	professional
3525	male	0	30-45	bachelors
2522	male	0	30-45	masters
362	male	1	30-45	professional
3230	female	0	45-60	hs
477	male	0	45-60	masters
2943	male	0	Under 18	hs
1111	female	0	18-30	bachelors
1808	male	0	30-45	professional
2894	female	0	45-60	hs
1298	male	1	45-60	bachelors
1092	male	1	30-45	hs
1262	male	0	30-45	bachelors
533	male	0	18-30	some
790	male	0	18-30	bachelors
166	male	0	45-60	professional
562	male	0	18-30	masters
2220	male	0	45-60	masters
941	male	0	30-45	professional
964	male	0	45-60	hs
2693	female	1	45-60	bachelors
1073	female	0	30-45	hs
1662	male	0	30-45	masters
922	male	0	30-45	bachelors
1350	male	0	30-45	bachelors
627	male	0	18-30	hs
3728	male	0	45-60	masters
1780	female	0	18-30	bachelors
1802	male	0	30-45	hs
1806	male	0	18-30	hs
230	female	0	18-30	masters
2905	male	1	18-30	masters
1973	male	0	30-45	hs
1710	female	0	18-30	hs
134	male	0	18-30	bachelors
2399	male	0	30-45	professional
262	male	0	18-30	hs
54	female	0	45-60	some
934	male	1	Over 60	bachelors
139	male	0	30-45	professional
4034	male	0	18-30	masters
1025	male	0	18-30	bachelors
569	male	0	18-30	bachelors
321	male	0	18-30	bachelors
652	male	0	18-30	bachelors
2452	male	0	45-60	masters
127	male	0	30-45	bachelors
2063	male	0	30-45	masters
1253	male	0	30-45	masters
2002	male	0	30-45	professional
1657	female	1	30-45	bachelors
285	male	1	45-60	masters
1579	male	0	30-45	bachelors
33	male	0	30-45	professional
1968	male	1	18-30	hs
972	female	0	18-30	bachelors
918	male	0	30-45	professional
1878	male	0	18-30	hs
1040	male	0	18-30	bachelors
1037	male	0	45-60	masters
2955	male	1	45-60	hs
1129	male	0	30-45	bachelors
40	male	0	30-45	masters
238	male	0	18-30	some
1415	male	0	30-45	bachelors
550	female	0	30-45	professional
928	male	1	18-30	hs
1459	male	0	18-30	hs
2706	male	0	30-45	bachelors
851	female	0	18-30	bachelors
1375	male	0	18-30	bachelors
1632	female	0	30-45	doctorate
2124	male	1	18-30	masters
2964	male	0	Under 18	hs
1039	male	0	30-45	hs
3551	male	0	30-45	doctorate
793	female	1	45-60	hs
1392	female	1	30-45	bachelors
2520	male	0	30-45	hs
3786	female	1	18-30	hs
1565	male	0	30-45	bachelors
2802	male	0	30-45	bachelors
1998	female	0	45-60	bachelors
1455	male	0	18-30	bachelors
2022	male	0	18-30	bachelors
1928	male	0	18-30	some
1978	female	0	30-45	hs
404	male	0	30-45	bachelors
868	male	0	30-45	hs
3312	male	0	30-45	hs
3015	male	0	18-30	bachelors
785	male	0	30-45	professional
736	male	1	30-45	masters
1454	male	0	18-30	bachelors
3309	male	0	18-30	masters
3681	male	0	18-30	hs
1639	male	0	30-45	hs
3344	male	0	18-30	bachelors
2071	male	0	18-30	masters
1500	male	0	18-30	hs
1185	male	0	45-60	bachelors
106	male	0	18-30	bachelors
853	male	0	30-45	masters
524	female	0	30-45	masters
970	male	0	18-30	professional
3288	male	1	30-45	professional
2447	male	0	18-30	hs
352	male	0	30-45	bachelors
2594	male	0	18-30	hs
3014	male	0	30-45	hs
564	male	0	30-45	masters
997	female	0	30-45	hs
920	male	0	18-30	bachelors
1033	female	0	45-60	bachelors
633	female	0	30-45	professional
513	male	1	45-60	professional
924	male	0	18-30	bachelors
1643	male	0	18-30	professional
899	female	0	30-45	hs
229	male	0	30-45	bachelors
235	male	1	18-30	professional
1128	male	0	30-45	masters
1057	male	0	30-45	hs
1280	male	0	18-30	professional
2580	female	0	30-45	masters
608	male	0	18-30	bachelors
117	female	0	30-45	bachelors
1720	male	0	18-30	hs
237	male	0	30-45	hs
120	male	0	30-45	bachelors
67	male	0	18-30	hs
2097	female	0	30-45	hs
2446	male	0	18-30	professional
386	male	0	30-45	hs
458	male	1	18-30	masters
781	male	1	18-30	bachelors
104	female	1	30-45	bachelors
1120	male	0	45-60	hs
1925	female	0	30-45	hs
494	male	0	30-45	masters
1224	female	0	18-30	hs
1900	female	0	30-45	bachelors
3443	male	1	30-45	hs
3267	male	1	30-45	hs
3415	female	1	18-30	hs
3249	male	0	45-60	professional
429	male	0	30-45	masters
570	male	0	18-30	professional
1363	male	1	18-30	bachelors
116	male	0	30-45	bachelors
946	male	0	18-30	bachelors
2467	female	0	30-45	bachelors
69	male	0	30-45	hs
86	female	0	45-60	some
1168	male	0	18-30	hs
82	female	0	18-30	bachelors
2465	male	1	45-60	hs
87	female	1	45-60	hs
1001	male	1	30-45	bachelors
1845	male	0	18-30	bachelors
537	male	0	45-60	bachelors
1828	male	1	18-30	masters
1624	male	1	30-45	bachelors
1273	male	0	18-30	some
1611	male	0	18-30	hs
1594	male	0	Under 18	hs
1016	male	0	18-30	professional
981	male	0	30-45	bachelors
3903	male	0	18-30	masters
3834	female	1	Under 18	some
148	male	0	30-45	hs
713	male	0	30-45	hs
3439	female	0	45-60	bachelors
132	male	0	Over 60	bachelors
2292	male	0	45-60	masters
443	male	0	45-60	bachelors
531	female	0	30-45	hs
609	male	0	18-30	professional
575	male	0	30-45	professional
226	male	1	30-45	bachelors
1276	female	0	30-45	professional
740	female	0	30-45	professional
1221	male	0	30-45	bachelors
37	male	0	18-30	masters
1456	male	0	30-45	bachelors
232	female	0	45-60	bachelors
295	male	1	18-30	bachelors
523	male	0	18-30	hs
895	male	1	30-45	bachelors
440	female	0	30-45	bachelors
2052	male	0	18-30	hs
3771	male	0	30-45	masters
98	male	0	18-30	hs
293	male	0	45-60	hs
1211	female	0	30-45	bachelors
59	male	1	30-45	masters
455	male	0	30-45	bachelors
3190	female	0	45-60	doctorate
1836	female	1	30-45	hs
3695	female	0	45-60	bachelors
3356	male	0	45-60	professional
3612	female	0	18-30	bachelors
1817	female	0	30-45	some
1207	male	0	18-30	bachelors
451	female	0	18-30	bachelors
850	male	0	30-45	hs
277	male	0	30-45	masters
219	male	1		bachelors
1205	male	0	18-30	bachelors
2132	female	0	30-45	masters
2963	male	0	18-30	bachelors
3206	male	0	18-30	masters
1249	male	0	30-45	masters
316	female	0	30-45	masters
761	male	0	30-45	hs
1680	male	0	30-45	bachelors
747	female	0	18-30	hs
356	male	0	30-45	hs
312	male	0	30-45	masters
60	male	0	30-45	bachelors
1787	female	0	18-30	bachelors
1376	male	0	18-30	professional
1147	male	0	18-30	bachelors
2854	female	0	30-45	masters
161	female	0	45-60	masters
1305	male	0	30-45	bachelors
1654	male	0	45-60	masters
414	female	0	18-30	bachelors
2168	female	0	30-45	bachelors
584	male	0	45-60	bachelors
4	male	0	30-45	hs
544	male	0	30-45	hs
1282	male	0	30-45	professional
2855	female	0	30-45	masters
1175	male	0	18-30	hs
3107	female	1	18-30	bachelors
2592	female	1	30-45	bachelors
1516	male	1	30-45	bachelors
3283	male	0		professional
951	male	0	45-60	bachelors
411	male	0	30-45	doctorate
892	male	0		hs
1600	male	0	45-60	bachelors
1307	male	0	30-45	hs
1204	male	0	30-45	bachelors
939	female	0	45-60	masters
228	male	0	18-30	professional
1799	female	0	18-30	masters
1815	male	0	30-45	bachelors
16	male	0	30-45	masters
2307	male	0	18-30	hs
1587	male	0	30-45	bachelors
3198	male	0	30-45	bachelors
2110	female	0	45-60	hs
503	female	0	18-30	bachelors
1372	male	0	30-45	bachelors
595	female	1	18-30	professional
271	female	1	30-45	bachelors
3805	male	0	Over 60	bachelors
2047	male	1	30-45	masters
2642	female	1	30-45	bachelors
392	male	0	30-45	hs
852	male	0	30-45	masters
809	female	0	30-45	bachelors
265	male	0	30-45	professional
542	male	0	45-60	hs
3531	female	0	30-45	bachelors
871	female	0	18-30	masters
2999	female	0	45-60	hs
855	female	0	18-30	masters
1765	male	0	30-45	masters
953	female	0	45-60	masters
1417	female	0	30-45	bachelors
2571	female	1	30-45	hs
1684	male	1	18-30	bachelors
2654	female	0	45-60	masters
1803	female	0	45-60	hs
1736	female	0	18-30	masters
1438	male	0	30-45	bachelors
2012	female	0	18-30	masters
2336	male	0	30-45	bachelors
1348	male	1	18-30	bachelors
678	female	0	30-45	bachelors
2441	male	0	18-30	hs
579	male	0	30-45	masters
2221	female	0	30-45	masters
58	female	0	30-45	bachelors
1287	male	0	30-45	masters
332	female	0	18-30	bachelors
1843	male	0	30-45	professional
3222	female	0	45-60	hs
3070	male	0	18-30	professional
176	male	0	18-30	hs
1009	male	0	30-45	masters
2471	female	0	45-60	masters
291	male	0	45-60	hs
961	male	1	30-45	hs
921	male	0	18-30	bachelors
2996	male	0	Under 18	bachelors
3328	female	0	30-45	bachelors
462	male	0	18-30	professional
225	male	1	18-30	hs
303	male	0	30-45	some
1670	male	1	30-45	bachelors
856	male	0	30-45	bachelors
1936	male	0	18-30	professional
2527	female	0	30-45	bachelors
1170	female	0	30-45	bachelors
1824	female	0	30-45	some
2515	male	0	18-30	hs
141	male	0	30-45	hs
3355	male	0	30-45	hs
3660	male	0	30-45	bachelors
101	female	0	30-45	hs
409	male	0	18-30	bachelors
1903	female	1	Over 60	professional
987	male	1	30-45	bachelors
1901	male	0	30-45	professional
3022	female	0	18-30	professional
2333	male	0	30-45	hs
1788	male	1	30-45	hs
1518	female	0	18-30	professional
363	male	0	30-45	hs
2962	male	0	45-60	professional
1827	male	0	18-30	bachelors
183	female	0	30-45	bachelors
2828	female	1	45-60	hs
420	female	0	45-60	bachelors
2374	female	0	30-45	bachelors
1920	female	0	45-60	hs
212	male	0	18-30	bachelors
3792	female	0	30-45	masters
1466	male	0	18-30	professional
717	male	0	30-45	hs
2720	male	0	18-30	professional
2025	male	0	30-45	bachelors
913	male	0	30-45	masters
1584	male	0	30-45	masters
2734	female	0	18-30	hs
346	male	0	18-30	professional
1724	male	0	18-30	masters
3280	male	0	18-30	hs
3483	male	0	18-30	masters
3570	female	1	18-30	masters
1620	male	0	30-45	hs
1798	male	0	18-30	masters
3680	male	0	30-45	hs
1226	female	0	30-45	professional
492	female	0	45-60	bachelors
632	female	0	30-45	masters
343	female	0	Over 60	some
2596	female	0	30-45	doctorate
3593	male	1	45-60	bachelors
1956	female	0	18-30	masters
1672	male	1	30-45	doctorate
2760	female	0	18-30	hs
1636	male	1	18-30	bachelors
583	male	1	30-45	masters
1445	male	0	45-60	hs
256	female	0	18-30	hs
810	female	0	30-45	hs
1220	male	0	30-45	masters
278	male	0	30-45	bachelors
432	male	0	30-45	masters
1328	male	0	18-30	bachelors
2090	female	0	30-45	bachelors
3860	female	0	18-30	hs
1364	female	0	30-45	bachelors
3485	female	0	45-60	bachelors
3713	male	0	30-45	professional
162	male	0	30-45	masters
1989	male	0	Under 18	hs
3361	male	0	30-45	masters
490	male	0	45-60	hs
142	female	0	30-45	bachelors
3351	male	0	45-60	bachelors
936	female	0	45-60	bachelors
275	male	0	18-30	hs
854	male	0	30-45	masters
3904	female	0	30-45	hs
405	female	0	30-45	hs
63	female	0	18-30	masters
3960	male	0	30-45	masters
481	female	0	18-30	hs
812	male	0	18-30	masters
2956	male	0	30-45	hs
3512	male	1	45-60	masters
1751	male	0	45-60	professional
239	male	0	18-30	hs
3832	female	0	30-45	bachelors
1935	male	0	30-45	masters
2817	female	1	30-45	hs
115	female	0	18-30	bachelors
3932	female	1	18-30	bachelors
206	female	0	18-30	hs
2584	male	0	30-45	professional
2387	male	0	30-45	doctorate
1652	male	0	18-30	bachelors
0	male	0	18-30	hs
1260	female	1	45-60	hs
3394	male	0	30-45	bachelors
4018	male	0	30-45	hs
268	female	0	30-45	bachelors
90	male	0	30-45	bachelors
247	female	0	30-45	bachelors
113	male	0	30-45	masters
333	male	0	18-30	bachelors
198	female	0	45-60	masters
1366	female	0	30-45	bachelors
1172	male	0	45-60	bachelors
3066	male	0	18-30	hs
3827	male	0	30-45	hs
3559	male	0	30-45	bachelors
3727	male	0	30-45	bachelors
2084	female	0	18-30	hs
3807	male	1	45-60	masters
3428	male	0	18-30	masters
1003	male	0	30-45	masters
3602	male	0	18-30	hs
1781	male	0	18-30	hs
493	female	0	18-30	masters
30	female	0	30-45	bachelors
2013	male	0	30-45	masters
3790	female	0	18-30	masters
434	male	0	18-30	bachelors
1369	male	0	18-30	bachelors
2250	male	0	18-30	hs
2698	male	0	30-45	bachelors
1208	female	0	30-45	some
1426	male	0	18-30	bachelors
1089	male	0	45-60	bachelors
1201	male	0	Under 18	hs
704	male	0	18-30	bachelors
133	male	0	30-45	masters
379	male	0	30-45	professional
1173	female	0	18-30	bachelors
2379	male	0	18-30	masters
782	male	0	30-45	masters
2151	female	0	30-45	masters
639	male	0	45-60	bachelors
3180	male	1	30-45	hs
2297	female	1	30-45	masters
3768	female	0	18-30	masters
322	female	0	30-45	bachelors
260	female	0	30-45	bachelors
1575	female	0	30-45	professional
457	female	0	18-30	bachelors
938	female	1	45-60	hs
3382	female	0	18-30	professional
1131	male	0		bachelors
3488	male	0	30-45	masters
2058	female	0	18-30	doctorate
2614	female	0	45-60	masters
435	female	0	18-30	bachelors
50	female	0	18-30	hs
3479	female	0	18-30	bachelors
144	male	0	30-45	bachelors
2103	female	0	30-45	masters
1629	female	0	18-30	bachelors
2915	male	0	18-30	masters
3749	female	1	30-45	masters
3814	male	0	18-30	professional
1592	female	0	45-60	bachelors
1794	male	0	18-30	hs
2038	male	1	30-45	bachelors
507	female	0	18-30	bachelors
3516	male	0	18-30	professional
3702	male	0	18-30	hs
2331	male	0	18-30	hs
3148	male	0	30-45	professional
56	male	0	30-45	bachelors
1101	male	0	18-30	bachelors
48	male	0	30-45	hs
1404	male	0	18-30	some
1538	male	0	30-45	bachelors
539	female	0	18-30	bachelors
1010	male	0	30-45	bachelors
591	female	1	30-45	bachelors
2312	male	0	18-30	bachelors
3146	female	0	18-30	masters
371	female	0	30-45	bachelors
338	female	0	30-45	doctorate
2616	female	0	18-30	masters
776	female	0	18-30	hs
2814	male	0	18-30	bachelors
1655	male	1	30-45	bachelors
2453	female	0	18-30	bachelors
869	male	0	Under 18	hs
2098	male	0	30-45	hs
7	male	0	18-30	bachelors
1496	male	0	18-30	hs
882	male	0	30-45	professional
27	male	0	18-30	hs
573	male	0	18-30	professional
2392	female	0	18-30	masters
2252	female	1	30-45	masters
1874	male	1	45-60	hs
3673	female	0	30-45	hs
446	female	0	30-45	masters
1198	female	0	45-60	masters
1505	female	0	18-30	hs
286	female	0	30-45	hs
449	female	0	30-45	professional
2261	male	0	18-30	bachelors
485	male	0	30-45	bachelors
2172	male	0	45-60	masters
3527	male	0	18-30	hs
3507	male	0	18-30	professional
3523	female	0	30-45	bachelors
1477	female	1	30-45	bachelors
3705	male	0	30-45	professional
3039	male	0	30-45	masters
1179	female	0	18-30	masters
167	female	0	18-30	professional
2055	male	0	30-45	bachelors
2273	male	0	18-30	hs
915	male	1	18-30	masters
1296	male	0	18-30	bachelors
4012	female	0	30-45	masters
2430	female	0	30-45	bachelors
2489	male	0	30-45	bachelors
2475	male	0	30-45	professional
22	male	0	18-30	masters
23	female	0	30-45	masters
21	female	0	18-30	masters
2890	male	0	18-30	bachelors
746	male	0	30-45	masters
1690	male	0	18-30	hs
1669	female	0	18-30	hs
3639	female	0	18-30	masters
2014	female	0	30-45	bachelors
2641	male	0	18-30	hs
3432	female	0	45-60	masters
1028	male	0	18-30	hs
3291	female	0	30-45	bachelors
3242	male	0	18-30	bachelors
1336	male	0	30-45	some
1161	female	0	18-30	bachelors
1133	male	1		masters
1013	male	0	30-45	professional
1651	female	0	30-45	bachelors
2269	male	0	18-30	hs
2278	female	0	30-45	professional
290	male	0	30-45	bachelors
2409	male	0	30-45	some
2830	female	1	30-45	bachelors
3513	female	1	45-60	bachelors
1589	female	0	30-45	masters
2557	female	0	18-30	hs
770	female	0	30-45	bachelors
919	male	0	18-30	some
1154	male	0	18-30	hs
388	female	0	30-45	bachelors
2634	male	0	30-45	bachelors
653	male	0	18-30	masters
2752	male	0	45-60	bachelors
3308	male	0	30-45	hs
548	male	0	18-30	bachelors
2705	female	1	18-30	masters
3732	female	1	18-30	bachelors
2396	male	0	30-45	professional
1627	male	0	30-45	masters
2104	female	0	18-30	hs
84	female	0	18-30	hs
1368	male	0	30-45	some
1944	male	0	30-45	masters
1818	female	0	30-45	bachelors
35	male	0	18-30	bachelors
2502	male	0	30-45	bachelors
2848	male	0	18-30	masters
878	male	0	18-30	bachelors
2686	female	1	45-60	hs
3855	male	0	30-45	masters
2597	male	0	18-30	bachelors
807	male	0	18-30	bachelors
24	female	0	18-30	masters
1487	male	0	Under 18	bachelors
1052	female	0	18-30	professional
241	female	0	30-45	bachelors
1047	female	0	18-30	masters
3598	male	0	30-45	professional
1432	male	0	18-30	hs
2601	female	0	30-45	masters
3477	female	0	30-45	bachelors
825	female	0	18-30	masters
2680	male	0	30-45	professional
3769	female	1	45-60	hs
2564	male	0	18-30	professional
2800	male	1	30-45	professional
2341	male	0	18-30	bachelors
1917	female	0	18-30	hs
2378	female	0	18-30	bachelors
2237	female	0	30-45	masters
2950	male	1	30-45	bachelors
308	female	0	30-45	bachelors
1693	female	0	30-45	bachelors
2886	female	0	18-30	hs
973	male	0	18-30	bachelors
2954	male	0	18-30	masters
1837	male	0	18-30	masters
2330	female	0	18-30	bachelors
1378	male	0	18-30	bachelors
2145	male	0	18-30	professional
2131	male	0	30-45	masters
1645	female	0	18-30	masters
8	male	0	30-45	hs
1642	female	0	18-30	hs
822	female	0	30-45	bachelors
2623	female	0	18-30	hs
1952	male	0	18-30	masters
2531	male	0	18-30	bachelors
3675	female	1		hs
305	male	1	18-30	doctorate
3940	female	1	45-60	bachelors
1832	male	0	45-60	hs
3388	male	1	18-30	hs
618	male	0	18-30	bachelors
3510	male	0	18-30	bachelors
2715	female	0	30-45	hs
3091	male	0	30-45	masters
397	female	0	30-45	bachelors
1081	female	0	45-60	hs
603	male	0	30-45	masters
1281	male	0	18-30	professional
1476	male	0	30-45	masters
1333	male	0	18-30	hs
2637	male	0	30-45	hs
471	female	0	18-30	hs
3304	male	0	45-60	hs
3816	male	0	30-45	masters
487	female	0	18-30	masters
1619	female	0	18-30	bachelors
3363	female	1	18-30	hs
1668	female	0	Over 60	masters
387	male	0	18-30	bachelors
553	female	0	30-45	bachelors
512	female	0	30-45	masters
3561	male	0	30-45	masters
118	female	1	45-60	hs
1291	female	0	30-45	masters
2268	female	1	45-60	hs
1385	male	1	45-60	hs
823	female	0	30-45	bachelors
2133	female	0	30-45	bachelors
661	male	0	18-30	hs
3808	male	0	30-45	bachelors
1849	male	0	30-45	masters
588	female	1	18-30	masters
3027	female	0	18-30	hs
466	male	0	30-45	some
843	male	0	30-45	masters
2202	male	1	30-45	masters
2282	female	0	18-30	masters
620	male	0	18-30	professional
3754	male	0	45-60	hs
1080	female	1	18-30	bachelors
1887	male	0	30-45	masters
1775	male	0	18-30	bachelors
1821	female	0	30-45	bachelors
2528	female	0	30-45	hs
2785	female	1	30-45	hs
966	male	0	30-45	masters
1284	male	0	30-45	hs
1011	male	0	30-45	professional
1286	male	0	30-45	hs
135	male	0		hs
2473	female	0	18-30	bachelors
1734	male	0	18-30	hs
754	female	1	45-60	hs
1921	female	0	30-45	professional
2549	female	0	30-45	hs
1931	male	0	30-45	bachelors
2096	male	0	18-30	hs
1255	female	0	18-30	hs
880	male	0	18-30	bachelors
2644	male	0	18-30	hs
361	female	0	18-30	masters
2703	female	0	30-45	hs
2857	female	0	18-30	masters
660	female	0	18-30	hs
2684	female	1	18-30	masters
2128	female	0	30-45	bachelors
2612	female	0	18-30	bachelors
425	male	0	30-45	bachelors
1862	female	0	30-45	professional
3828	female	0	45-60	professional
1148	male	0	30-45	masters
2947	male	0	30-45	professional
1864	male	0	30-45	professional
2135	female	0	30-45	hs
2738	male	0	18-30	bachelors
2535	female	0	30-45	bachelors
623	male	0	18-30	bachelors
1066	male	1	45-60	hs
3358	male	1	45-60	bachelors
3171	male	1	18-30	bachelors
1723	male	0	45-60	professional
3076	male	0	30-45	hs
2645	male	0	18-30	hs
248	male	1	30-45	bachelors
1171	female	1	Over 60	hs
787	male	0	18-30	bachelors
1266	female	0	30-45	bachelors
3287	male	0	18-30	bachelors
1929	male	0	Under 18	hs
873	male	0	18-30	bachelors
2970	male	1	30-45	bachelors
3667	female	0		bachelors
2053	female	1	30-45	masters
2930	female	1	18-30	hs
1067	male	0	18-30	professional
1458	male	1	30-45	bachelors
415	male	1	18-30	bachelors
1933	male	0	18-30	bachelors
683	male	0	45-60	hs
2204	female	1	Over 60	hs
2194	male	0	18-30	hs
1940	male	0	18-30	bachelors
1071	male	1	18-30	bachelors
3756	male	0	18-30	bachelors
555	female	0	18-30	hs
2034	female	1	30-45	masters
3912	female	1	18-30	professional
3036	female	1	18-30	bachelors
2236	male	0	30-45	masters
1155	male	1	18-30	masters
2608	male	0	18-30	hs
3649	female	0	30-45	hs
196	male	0	18-30	hs
2554	female	0	18-30	bachelors
2390	male	0	30-45	hs
2775	male	0	18-30	hs
190	male	0	30-45	hs
1590	male	1	30-45	masters
694	male	0	18-30	bachelors
1597	female	0	18-30	professional
2813	male	1	18-30	bachelors
642	male	0	30-45	hs
3530	female	0	45-60	masters
3489	female	0	45-60	bachelors
2328	female	0	18-30	some
969	female	1	30-45	hs
800	male	1	45-60	bachelors
3688	female	1	30-45	bachelors
1671	male	1	45-60	masters
2807	male	1	18-30	bachelors
2325	male	0	18-30	doctorate
1742	female	0	30-45	bachelors
2199	male	0	18-30	some
3213	male	1	30-45	bachelors
1314	female	0	30-45	bachelors
2675	male	1	18-30	hs
3184	female	0	45-60	some
2561	male	0	45-60	hs
1419	female	0	45-60	bachelors
3746	male	0	18-30	bachelors
1240	male	0	18-30	professional
337	male	0	18-30	bachelors
607	male	0	18-30	hs
296	male	0	30-45	hs
909	male	0	18-30	bachelors
1797	male	0	18-30	bachelors
2272	female	0	30-45	bachelors
3720	female	0	18-30	bachelors
496	male	0	Under 18	hs
742	male	0	30-45	hs
398	female	0	30-45	bachelors
1731	male	0	30-45	hs
3445	male	0	18-30	masters
3101	male	0	30-45	professional
1839	female	0	18-30	masters
2245	male	0	18-30	professional
1254	male	0	18-30	masters
1574	female	0	30-45	professional
2853	male	1	30-45	professional
2205	male	1	30-45	bachelors
3993	female	0	18-30	masters
3316	male	0	45-60	hs
2402	male	1	18-30	bachelors
688	male	0	30-45	bachelors
1958	female	0	18-30	hs
1021	female	1	30-45	hs
1515	female	0	18-30	masters
2532	male	0	18-30	bachelors
1121	male	0	18-30	bachelors
2111	male	0	18-30	professional
2456	female	0	30-45	bachelors
1829	male	0	18-30	hs
3043	female	0	45-60	professional
4051	male	0	18-30	professional
121	male	0	18-30	bachelors
2445	male	0	30-45	hs
3596	female	1	30-45	bachelors
2123	male	0	18-30	masters
1197	male	0	30-45	professional
1541	male	0	18-30	bachelors
1730	female	0	30-45	professional
2460	male	0	18-30	bachelors
3722	male	0	18-30	masters
1659	male	0	18-30	bachelors
2871	female	1	30-45	masters
1577	male	0	18-30	hs
864	male	0	30-45	bachelors
1894	female	0	18-30	bachelors
251	female	1	18-30	bachelors
486	male	1	30-45	hs
2668	male	0	30-45	hs
307	male	0	30-45	hs
641	male	0	30-45	bachelors
3880	female	1	Over 60	bachelors
2603	female	0	45-60	bachelors
331	male	0	30-45	bachelors
3836	female	1	30-45	bachelors
968	male	1	18-30	masters
1712	male	0	30-45	professional
431	male	1	30-45	bachelors
1495	male	1	30-45	bachelors
255	male	0	30-45	hs
1982	female	0	18-30	masters
1159	male	0	30-45	hs
1158	female	1	18-30	hs
2118	male	1	30-45	professional
1231	male	0	30-45	bachelors
1227	male	0	18-30	bachelors
2907	male	0	18-30	hs
1015	male	0	30-45	hs
2874	male	0	30-45	hs
3738	male	0	18-30	masters
917	male	0	Under 18	hs
2845	female	1	18-30	hs
2646	male	0	18-30	hs
3100	female	0	45-60	professional
912	male	0	18-30	hs
3861	male	0	30-45	hs
1999	female	0	18-30	some
651	male	0	30-45	masters
249	female	0	30-45	bachelors
2809	male	0	30-45	professional
3030	male	0	18-30	masters
448	male	0	18-30	bachelors
3486	male	0	18-30	hs
1532	male	0	30-45	bachelors
2819	male	1	18-30	hs
3273	male	0	30-45	masters
1107	male	0	18-30	hs
3183	female	0	18-30	masters
3132	female	1	45-60	bachelors
2772	male	0	30-45	hs
3240	male	1	30-45	hs
994	male	0	18-30	professional
64	male	0	30-45	masters
1674	female	0	30-45	bachelors
437	male	0	30-45	bachelors
1493	female	0	30-45	bachelors
786	male	0	45-60	hs
979	female	1	18-30	bachelors
1382	male	1	45-60	bachelors
3407	female	0	18-30	hs
795	female	1	45-60	bachelors
2640	male	1	30-45	bachelors
3604	male	0	30-45	bachelors
383	male	0	30-45	hs
1912	male	0		some
2238	male	0	18-30	hs
2093	male	0	18-30	some
3018	male	0	18-30	hs
767	male	1	18-30	masters
3410	male	0	45-60	professional
3794	male	1	45-60	bachelors
2736	male	0	18-30	bachelors
745	male	0	18-30	hs
2270	male	0	18-30	hs
2875	male	0	30-45	hs
221	female	0	30-45	bachelors
1210	male	0	18-30	hs
749	male	1	30-45	bachelors
97	male	0	30-45	hs
1768	male	0	30-45	hs
3623	male	0	18-30	professional
105	female	0	30-45	masters
748	male	0	30-45	bachelors
3595	male	0	18-30	bachelors
2510	male	0	30-45	bachelors
763	male	0	30-45	hs
2925	male	0	30-45	masters
2929	male	0	18-30	bachelors
1271	male	0	18-30	bachelors
1259	male	0	30-45	bachelors
390	male	0	30-45	masters
1856	male	0	18-30	hs
1522	female	0	45-60	hs
66	male	0	18-30	masters
2122	male	0	30-45	bachelors
1144	female	1	30-45	hs
3451	female	1	30-45	some
2551	male	0	30-45	bachelors
896	male	0	18-30	hs
3905	female	0	45-60	masters
734	male	0	18-30	bachelors
2724	male	0	30-45	bachelors
2485	female	0	18-30	masters
681	male	0	30-45	hs
222	male	0	30-45	hs
3157	male	0	30-45	hs
2086	male	0	18-30	bachelors
832	female	0	30-45	bachelors
1687	male	0	18-30	hs
3514	female	0	30-45	hs
3178	female	0	45-60	masters
1279	male	0	18-30	bachelors
341	female	1	45-60	bachelors
2018	male	0	30-45	masters
2419	male	0	30-45	bachelors
1879	female	0	30-45	professional
250	male	0	18-30	masters
3212	male	0	30-45	masters
2635	female	0	18-30	bachelors
215	male	0	30-45	hs
3920	female	0	30-45	masters
3529	female	1	45-60	bachelors
3041	male	0	18-30	hs
252	female	0	30-45	hs
450	female	0	18-30	bachelors
2735	male	1	45-60	professional
551	male	0	18-30	hs
3884	male	0	18-30	professional
752	male	0	18-30	masters
3686	male	0	30-45	hs
2696	male	0	18-30	bachelors
2768	female	0	30-45	hs
1235	male	0	30-45	bachelors
1138	male	0	30-45	bachelors
57	male	0	18-30	masters
263	male	0	45-60	bachelors
600	male	0	18-30	bachelors
2546	male	1	18-30	professional
211	male	0	30-45	bachelors
1139	male	1	30-45	professional
3857	male	0	30-45	professional
3078	male	0	18-30	professional
838	female	0	45-60	hs
1755	male	0	18-30	bachelors
2026	female	1	18-30	hs
893	female	1	30-45	hs
1679	male	0	30-45	bachelors
3155	female	0	30-45	masters
1219	female	0	45-60	hs
1467	female	0	30-45	bachelors
675	female	1	18-30	some
1764	male	0	45-60	some
3711	female	0	30-45	masters
3823	male	0	18-30	masters
3471	male	0	18-30	hs
3929	female	1	45-60	hs
2462	female	0	45-60	bachelors
1425	male	0	30-45	professional
3067	male	0	30-45	professional
2647	male	0	18-30	bachelors
1055	male	0	45-60	professional
2837	female	1	30-45	hs
758	male	1	30-45	masters
2159	male	0	Over 60	professional
502	female	0	30-45	hs
1189	male	0	18-30	professional
2976	male	0	18-30	hs
1048	male	0	30-45	professional
1379	male	0	18-30	bachelors
3777	male	0	30-45	masters
1791	male	0	30-45	hs
3726	female	1	45-60	professional
901	female	0	30-45	bachelors
3430	female	0	18-30	bachelors
1746	female	0	30-45	hs
1124	female	1	30-45	bachelors
1591	male	0	Under 18	some
1420	female	0	18-30	bachelors
645	female	0	18-30	professional
707	female	0	18-30	bachelors
863	male	0	18-30	bachelors
3587	female	0	18-30	masters
1351	female	0	30-45	bachelors
2417	female	0	45-60	masters
1181	male	0	45-60	bachelors
1038	male	0	18-30	masters
3810	male	1	18-30	bachelors
3377	male	0	30-45	professional
497	male	0	18-30	professional
811	male	0	30-45	hs
3779	male	0	18-30	bachelors
884	female	1	30-45	hs
3001	male	1	18-30	bachelors
3017	male	0	18-30	hs
538	male	0	30-45	hs
659	female	1	30-45	professional
845	female	1	30-45	bachelors
2856	female	0	30-45	bachelors
3500	female	1	30-45	bachelors
771	male	0	30-45	hs
593	female	1	30-45	bachelors
3174	male	0	18-30	bachelors
1114	male	0	30-45	professional
1949	female	1	18-30	hs
1909	male	0	18-30	bachelors
3747	male	0	18-30	masters
402	male	0	30-45	professional
3274	male	1	30-45	bachelors
3200	male	1	30-45	professional
3131	male	0	18-30	bachelors
1497	male	0	18-30	masters
3444	female	0	18-30	hs
2234	female	1	30-45	professional
484	male	0	18-30	bachelors
2865	male	1	18-30	bachelors
1391	female	0	30-45	bachelors
3122	male	1	18-30	hs
2075	male	0	45-60	doctorate
1186	female	1	45-60	bachelors
2897	female	0	30-45	professional
1400	female	0	18-30	hs
1865	male	0	18-30	hs
447	male	0	30-45	masters
1257	male	0	30-45	masters
2375	male	0	18-30	bachelors
2766	male	0	18-30	bachelors
2659	female	0	18-30	bachelors
943	male	0	30-45	bachelors
1408	female	0	18-30	masters
3679	male	0	18-30	bachelors
2434	male	0	30-45	hs
1640	male	0	30-45	professional
1118	female	1	18-30	professional
3964	male	0	Under 18	some
1026	female	1	30-45	bachelors
759	female	0	30-45	hs
689	male	0	18-30	bachelors
3684	female	0	30-45	hs
2326	female	0	45-60	bachelors
3734	male	0	30-45	bachelors
3293	male	0	30-45	masters
210	male	1	30-45	professional
114	male	0	18-30	masters
155	male	0		hs
2896	female	0	18-30	bachelors
638	other	0	18-30	bachelors
3141	female	0	18-30	masters
2113	male	0	18-30	bachelors
3627	male	1	30-45	masters
46	male	0	18-30	bachelors
2243	female	0	18-30	bachelors
1023	female	0	30-45	professional
1183	male	0	18-30	bachelors
631	male	0	30-45	masters
731	male	0	18-30	masters
224	male	0	18-30	hs
1536	male	0	30-45	professional
3270	male	0	18-30	bachelors
1116	female	0	18-30	hs
682	female	0	30-45	professional
2536	female	0	18-30	hs
2652	female	0	18-30	bachelors
1317	female	0	18-30	hs
1692	male	0	18-30	masters
188	female	1	30-45	hs
2487	female	1	Under 18	bachelors
2729	male	0	30-45	masters
801	male	0	18-30	hs
2150	female	0	18-30	bachelors
472	female	0	18-30	bachelors
3002	male	1	18-30	bachelors
2005	male	0	18-30	hs
3787	male	0	30-45	professional
568	male	0	18-30	masters
181	male	0	30-45	bachelors
3484	female	1	30-45	bachelors
2224	male	0	18-30	hs
3758	female	0	18-30	bachelors
25	male	0	30-45	hs
1750	male	0	30-45	bachelors
2483	female	0	Over 60	hs
400	male	0	18-30	professional
1244	male	1	18-30	bachelors
820	male	0	30-45	bachelors
886	female	0	18-30	bachelors
3103	female	1	18-30	bachelors
1869	male	0	18-30	bachelors
1486	female	1	18-30	hs
3752	female	1	30-45	hs
2368	male	0	30-45	bachelors
314	female	0	18-30	hs
1598	female	1	30-45	hs
881	male	0	30-45	masters
3028	male	0	30-45	masters
3281	male	0	30-45	masters
189	male	0	30-45	masters
1362	male	0	18-30	masters
350	male	0	30-45	masters
626	female	1	30-45	bachelors
2080	male	0	18-30	bachelors
3877	female	1	30-45	bachelors
3176	female	1	18-30	bachelors
3468	female	1	18-30	bachelors
1157	male	0	18-30	hs
2649	male	0	30-45	hs
3125	male	0	30-45	masters
558	male	0	30-45	bachelors
1995	male	0	30-45	professional
2737	male	1	18-30	masters
348	male	0	30-45	hs
3974	female	1	18-30	hs
3145	male	0	30-45	hs
2185	male	0	30-45	bachelors
2382	male	0	30-45	hs
3319	male	1	30-45	bachelors
3119	male	1	18-30	bachelors
2533	male	0	18-30	professional
2100	male	0	18-30	masters
1793	male	0	18-30	bachelors
1202	female	0	30-45	hs
1770	male	0	18-30	hs
3578	female	0	18-30	masters
3839	male	0	30-45	professional
209	male	0	Under 18	hs
1070	male	0	Under 18	masters
1381	male	0	18-30	hs
1527	female	1	18-30	hs
2607	female	0	18-30	professional
963	male	0	18-30	masters
2588	male	0	18-30	bachelors
839	female	1	30-45	bachelors
2917	male	0	30-45	doctorate
3248	male	0	30-45	bachelors
1885	male	0	18-30	hs
1239	female	0	30-45	professional
1112	female	0	18-30	bachelors
2126	female	1	30-45	bachelors
2176	male	1	18-30	bachelors
173	male	1	18-30	bachelors
3232	male	0	18-30	masters
1715	female	0	18-30	masters
2862	male	1	30-45	masters
2538	male	0	30-45	bachelors
1334	female	0	30-45	masters
710	male	0	18-30	bachelors
282	female	0	30-45	hs
65	male	0	Under 18	hs
3413	female	0	30-45	professional
1058	male	0	30-45	professional
3606	male	0	30-45	bachelors
2188	female	0	45-60	hs
1660	male	0	30-45	professional
3441	female	1	30-45	masters
910	male	0	18-30	bachelors
1214	male	0	30-45	masters
1440	female	1	18-30	bachelors
1269	male	0	45-60	bachelors
3224	male	0	18-30	hs
1380	female	0	18-30	masters
130	male	0	30-45	hs
2889	male	0	30-45	hs
2583	male	0	30-45	professional
2470	female	1	45-60	bachelors
2200	female	0	18-30	hs
1656	male	0	18-30	bachelors
1738	male	0	30-45	masters
3817	male	0	30-45	professional
3115	male	0	30-45	hs
3819	female	0	30-45	hs
2265	female	0	30-45	bachelors
1809	female	0	30-45	masters
2542	male	0	18-30	bachelors
1132	male	0	30-45	bachelors
3466	male	0	18-30	professional
36	male	0	30-45	hs
1065	male	0	18-30	bachelors
2948	male	0	18-30	professional
3406	male	0	30-45	hs
712	male	1	18-30	doctorate
1338	female	0	18-30	bachelors
841	male	1	30-45	bachelors
3359	female	0	45-60	hs
1994	male	0	18-30	bachelors
3354	female	1	30-45	hs
2786	male	0	18-30	bachelors
2666	male	0	30-45	bachelors
1324	male	0	45-60	bachelors
1846	female	0	18-30	bachelors
2582	female	1	18-30	bachelors
1533	male	0	45-60	masters
3121	male	1	30-45	hs
3143	female	1	18-30	hs
3717	male	1	Under 18	hs
1215	female	0	45-60	masters
699	male	1	30-45	hs
532	male	0	45-60	masters
2653	female	0	45-60	professional
3098	female	1	45-60	masters
3021	male	0	18-30	professional
389	female	0	30-45	bachelors
744	male	0	18-30	masters
223	male	0	30-45	professional
741	male	0	45-60	bachelors
1238	male	0	18-30	hs
2072	female	1	18-30	hs
518	male	0	18-30	hs
3269	male	1	30-45	hs
284	female	0	30-45	bachelors
2995	male	1	30-45	bachelors
49	male	0	18-30	professional
804	male	0	30-45	bachelors
3638	male	0	30-45	professional
519	male	0	30-45	professional
2101	male	0	30-45	hs
1332	female	0	45-60	hs
1942	male	0	30-45	hs
334	male	0	18-30	masters
80	male	0	30-45	masters
3370	female	0	18-30	bachelors
1104	male	0	30-45	hs
281	male	0	30-45	masters
3142	male	0	18-30	bachelors
1258	male	0	18-30	professional
1853	male	0	30-45	hs
1398	male	0	18-30	bachelors
2851	female	0	30-45	bachelors
702	female	0	18-30	bachelors
1819	female	0	Over 60	some
1725	female	0	18-30	bachelors
2167	male	0	45-60	professional
1320	female	0	30-45	masters
3875	male	0	18-30	bachelors
2941	female	0	45-60	professional
2835	male	0	18-30	professional
2486	male	0	45-60	bachelors
1059	female	0	18-30	hs
2718	male	0	Under 18	some
126	male	0	18-30	bachelors
3572	male	0	18-30	hs
3303	male	0	30-45	bachelors
2790	male	0	18-30	masters
4010	female	0	30-45	bachelors
1649	male	0	18-30	professional
2826	female	0	45-60	bachelors
240	male	0	18-30	bachelors
3417	male	0	30-45	professional
859	male	0	30-45	bachelors
3765	male	0	30-45	bachelors
476	female	0	30-45	hs
1292	male	0	18-30	masters
2057	male	0	30-45	bachelors
2620	male	0	45-60	masters
2852	female	0	30-45	masters
830	male	0	18-30	hs
889	male	0	30-45	bachelors
1758	female	0	18-30	hs
359	male	0	18-30	doctorate
2730	female	0	18-30	masters
3392	male	1	Under 18	bachelors
1934	male	0	45-60	professional
1971	male	1	18-30	bachelors
1346	male	0	30-45	bachelors
1523	male	0	30-45	bachelors
2953	female	0	30-45	hs
391	male	0	18-30	bachelors
1137	female	0	45-60	hs
2804	male	0	30-45	masters
1771	male	0	18-30	hs
999	male	0	30-45	bachelors
310	male	0	18-30	bachelors
730	female	0	18-30	bachelors
3234	female	0	18-30	bachelors
2788	male	0	30-45	bachelors
1263	female	0	30-45	bachelors
2109	male	0	30-45	masters
1713	female	0	18-30	hs
2423	female	0	18-30	hs
3939	male	1	18-30	masters
3671	male	0	18-30	hs
2519	male	1	18-30	masters
1559	male	0	30-45	bachelors
1904	male	0	18-30	bachelors
789	female	0	18-30	bachelors
1194	female	0	18-30	hs
1325	male	0	18-30	hs
3214	male	0	18-30	hs
1225	female	0	18-30	hs
109	male	0	18-30	hs
2288	female	0	18-30	bachelors
2834	male	0	30-45	masters
3840	female	0	18-30	bachelors
2028	female	0	18-30	bachelors
2843	female	0	18-30	bachelors
3845	female	0	18-30	bachelors
3367	female	0	18-30	bachelors
3802	female	0	18-30	bachelors
2006	female	0	18-30	bachelors
3460	female	0	18-30	bachelors
625	female	0	18-30	bachelors
1453	female	0	18-30	bachelors
1582	female	0	18-30	masters
835	female	0	18-30	bachelors
1566	female	0	18-30	hs
3687	female	0		hs
1485	female	0	18-30	hs
2174	female	0	18-30	bachelors
2360	female	1	18-30	bachelors
3299	female	0	18-30	hs
2745	female	0	18-30	hs
2750	female	0	18-30	bachelors
774	female	1	18-30	bachelors
721	female	0	18-30	bachelors
2177	female	1	18-30	bachelors
2899	male	1	18-30	professional
2393	female	0	30-45	bachelors
1986	female	0	18-30	bachelors
1583	female	1	18-30	bachelors
2370	female	0	18-30	bachelors
3701	female	0		hs
3323	male	0	Under 18	some
1519	female	0	18-30	some
1891	female	0	18-30	bachelors
1457	female	0	18-30	hs
1545	female	0		some
696	female	0	18-30	hs
2369	female	1	18-30	hs
701	female	0	18-30	bachelors
3988	male	1	18-30	hs
2210	female	1	30-45	hs
687	male	0	18-30	hs
904	male	0	30-45	hs
2007	female	0	18-30	hs
3383	female	0	18-30	bachelors
2293	male	0	18-30	some
3335	male	0		bachelors
3582	male	0	18-30	bachelors
3589	male	0	18-30	hs
697	male	1	30-45	masters
2508	female	0	18-30	hs
2458	male	1	30-45	professional
2373	male	1	18-30	professional
2315	male	0		professional
93	male	0	18-30	professional
561	male	0	45-60	bachelors
3645	female	0	18-30	bachelors
2973	female	0	18-30	hs
2346	female	0	18-30	bachelors
2251	female	0	18-30	masters
2981	male	0	18-30	bachelors
3345	female	0	45-60	masters
3762	male	0	18-30	hs
2587	female	0	18-30	bachelors
3342	male	1	18-30	hs
3333	male	1		hs
4019	female	1		bachelors
2575	female	0	18-30	bachelors
3397	male	0	30-45	bachelors
2289	female	0	18-30	bachelors
4000	female	1	18-30	hs
3368	female	1	18-30	bachelors
3797	female	0	18-30	hs
1563	female	0	18-30	hs
1580	female	0	18-30	hs
3937	female	0	18-30	bachelors
416	female	0	18-30	hs
3580	female	0	Under 18	hs
3546	female	0	18-30	hs
684	female	0	18-30	masters
3798	female	0	18-30	hs
3573	female	0	18-30	hs
3556	female	0	18-30	bachelors
3079	female	0	18-30	bachelors
3461	female	1	18-30	bachelors
2372	female	0	18-30	hs
3330	female	0	18-30	bachelors
2347	female	0	18-30	bachelors
3528	male	0	18-30	hs
3835	female	0	18-30	bachelors
2980	male	0	18-30	hs
3796	female	0	18-30	bachelors
1443	female	0	18-30	hs
1558	female	0	18-30	hs
3379	female	0	18-30	bachelors
1313	female	0	30-45	bachelors
2433	female	0	30-45	masters
780	female	0	18-30	masters
667	female	0	18-30	bachelors
703	female	1	18-30	bachelors
693	male	0	30-45	bachelors
3841	female	0	18-30	bachelors
4005	male	0		hs
3160	male	1	45-60	bachelors
2591	male	0	18-30	bachelors
799	female	0	18-30	hs
3331	male	0	18-30	bachelors
3927	female	0	18-30	bachelors
2576	female	0	18-30	hs
3495	female	0	18-30	bachelors
4006	male	0		hs
3586	female	0	18-30	hs
3585	female	0	18-30	bachelors
2990	female	0	18-30	bachelors
3491	female	0		hs
2140	male	0	30-45	hs
2095	female	0	30-45	bachelors
3543	male	0	18-30	bachelors
3398	male	0	18-30	hs
3632	male	0	18-30	hs
2040	male	1	18-30	hs
4043	male	0	18-30	hs
708	male	0		masters
2291	female	0	18-30	hs
1544	male	0		masters
3588	male	1	18-30	bachelors
3994	male	1	18-30	bachelors
3553	male	1	18-30	bachelors
2823	male	1	18-30	bachelors
3784	male	0	18-30	bachelors
3581	male	1	18-30	bachelors
2041	male	1	18-30	bachelors
2322	male	0	18-30	bachelors
3562	male	0	18-30	bachelors
2191	male	0	18-30	bachelors
3057	female	0	18-30	hs
2254	male	1	18-30	bachelors
3592	male	0	18-30	bachelors
3591	male	0	18-30	bachelors
3944	female	0	18-30	hs
3601	male	1	18-30	masters
3911	male	0	30-45	bachelors
1371	male	0	18-30	masters
1542	female	1	30-45	hs
554	female	0	45-60	hs
862	male	0	30-45	bachelors
3558	female	0	18-30	bachelors
3322	female	0	18-30	bachelors
3373	female	0	18-30	bachelors
2198	female	0	18-30	hs
3579	male	0		bachelors
3634	female	0	18-30	bachelors
3583	male	0		hs
3699	male	0	18-30	bachelors
875	female	0	30-45	bachelors
1464	male	0	18-30	hs
3210	male	0	18-30	masters
396	male	0	30-45	masters
254	female	0	30-45	bachelors
2164	male	0	18-30	bachelors
2037	male	0	18-30	hs
2469	female	0	18-30	hs
410	male	0	45-60	professional
71	male	0	18-30	bachelors
1637	male	0	18-30	professional
3658	female	0	18-30	hs
1907	male	0	18-30	bachelors
2919	male	0		bachelors
1899	male	0	45-60	bachelors
1658	female	0	30-45	bachelors
813	male	0	18-30	bachelors
274	female	0	18-30	bachelors
1256	male	0	18-30	masters
1492	female	0	45-60	hs
3047	female	0	18-30	professional
3320	female	0	18-30	bachelors
788	male	0	18-30	bachelors
1834	male	0	30-45	masters
372	female	0	30-45	doctorate
1441	male	0	18-30	bachelors
1265	male	0	30-45	masters
2249	female	0	30-45	bachelors
1097	female	0	30-45	hs
3012	male	0	18-30	hs
955	female	0	18-30	professional
2714	male	0	30-45	hs
1552	female	0	18-30	masters
3310	female	1	18-30	bachelors
2089	male	0	30-45	hs
1543	female	0	18-30	bachelors
643	female	0	18-30	bachelors
636	female	0	18-30	bachelors
3539	female	0	18-30	bachelors
3080	female	0	Under 18	bachelors
1564	female	0	30-45	hs
3211	female	0	18-30	hs
2664	male	0	30-45	bachelors
123	male	0	30-45	bachelors
1785	female	1	45-60	bachelors
1323	male	0	45-60	bachelors
3509	female	1	45-60	bachelors
3901	female	0	30-45	bachelors
2356	male	0	18-30	hs
2631	male	0	18-30	professional
2302	male	0	18-30	masters
3931	male	0	18-30	hs
3847	female	1	18-30	bachelors
3709	male	0	18-30	bachelors
3584	female	0	18-30	bachelors
2079	male	1	30-45	some
2529	male	0	18-30	hs
3235	female	1	30-45	masters
4044	female	1	30-45	masters
1848	male	0	18-30	bachelors
3009	female	0	18-30	hs
874	male	0	18-30	bachelors
2045	male	0	18-30	bachelors
3139	male	0	18-30	bachelors
3095	male	0	18-30	bachelors
2248	female	0	18-30	bachelors
1983	female	1	30-45	hs
2679	male	0	18-30	professional
1685	male	0	18-30	hs
1644	male	0	18-30	bachelors
464	male	0	30-45	hs
2031	female	0	30-45	bachelors
3256	female	1	18-30	hs
1153	male	0	18-30	bachelors
2032	male	1	30-45	hs
1264	male	0	18-30	bachelors
619	male	0	30-45	masters
815	female	1	45-60	hs
2027	female	0	18-30	masters
2165	female	0	18-30	masters
2277	male	1	30-45	bachelors
2414	male	1		hs
1503	male	0	18-30	bachelors
692	male	1	18-30	masters
2589	male	0	18-30	bachelors
2412	male	1		hs
1898	male	0	18-30	bachelors
777	male	0	18-30	bachelors
1506	male	0	18-30	bachelors
769	female	0	18-30	bachelors
3772	male	0	18-30	bachelors
3683	female	0	18-30	bachelors
2824	female	0	18-30	bachelors
709	male	1	18-30	masters
2578	female	0	18-30	bachelors
1511	male	0	18-30	bachelors
3150	female	0	18-30	bachelors
762	female	0	18-30	bachelors
1990	male	0	18-30	bachelors
2184	male	0	18-30	hs
705	male	0	18-30	hs
2275	female	0	18-30	bachelors
1508	female	0	18-30	bachelors
2179	male	0	18-30	masters
722	male	0	18-30	masters
2822	male	0	18-30	bachelors
2455	female	0	18-30	bachelors
2787	male	0	18-30	bachelors
3594	male	0	18-30	bachelors
2860	male	1	18-30	hs
3812	female	0	45-60	masters
3864	female	0	18-30	hs
3341	male	0	30-45	bachelors
2610	female	1	18-30	hs
2381	male	0	18-30	bachelors
2235	male	0	30-45	professional
3278	female	0	30-45	masters
3566	male	1	45-60	bachelors
3478	male	0	30-45	masters
673	male	0	18-30	hs
3019	female	0	30-45	masters
3239	female	1	18-30	bachelors
897	female	1	18-30	hs
1142	female	1	18-30	bachelors
2290	male	0	30-45	hs
193	male	0	18-30	bachelors
3006	male	0	45-60	hs
1807	male	0	18-30	professional
596	male	0	Under 18	hs
3208	female	1	18-30	bachelors
3969	male	0	18-30	hs
3081	female	0	18-30	bachelors
454	male	1	18-30	professional
1778	male	0	30-45	bachelors
3714	male	0	30-45	masters
1413	female	1	45-60	bachelors
4052	female	1	45-60	hs
1959	female	0	30-45	professional
3408	female	0		professional
2500	male	0	30-45	masters
456	female	0	30-45	hs
783	male	0	18-30	bachelors
950	male	0	18-30	hs
2669	male	0	18-30	bachelors
719	male	0	18-30	bachelors
1814	male	0	18-30	bachelors
1596	male	0	18-30	bachelors
2672	male	0		bachelors
580	male	0	Under 18	hs
1606	male	1	18-30	hs
2384	male	0	30-45	hs
1146	male	0	18-30	hs
1188	male	0	18-30	hs
3035	male	0	30-45	bachelors
1696	female	1	45-60	bachelors
3733	female	0	18-30	hs
1435	male	0	18-30	bachelors
1393	female	1	30-45	hs
805	male	1	30-45	hs
2426	male	0	18-30	hs
2789	female	0	18-30	bachelors
1893	male	0		masters
2242	male	0	30-45	hs
2196	male	0	45-60	hs
2505	male	0	Over 60	some
1046	male	0	18-30	hs
2840	female	1	Under 18	hs
1463	male	1	18-30	hs
3209	male	0	18-30	hs
1304	male	0	18-30	bachelors
944	male	0	30-45	bachelors
323	male	0	30-45	bachelors
3716	male	0	30-45	professional
3313	female	1	30-45	hs
2127	male	0	30-45	masters
1695	male	0	18-30	bachelors
2552	male	1	45-60	bachelors
3350	male	0	18-30	bachelors
3134	male	1	Under 18	hs
1740	male	0	18-30	masters
2918	male	0	18-30	hs
3185	female	0	45-60	professional
3811	female	1	18-30	hs
2913	male	1	18-30	bachelors
826	female	1	Under 18	hs
467	male	0	18-30	bachelors
2777	male	0	18-30	bachelors
3386	male	1	18-30	masters
3890	male	0	18-30	bachelors
3776	female	1	45-60	bachelors
2021	male	0	18-30	masters
1553	male	1	45-60	masters
3518	female	0	30-45	masters
720	female	0	18-30	masters
2059	male	1	18-30	bachelors
2972	female	0	18-30	hs
1094	female	0	18-30	professional
3399	female	1	30-45	bachelors
2394	female	0	45-60	masters
367	male	0		bachelors
927	female	0	45-60	professional
3936	female	1	18-30	bachelors
622	female	0		hs
4024	male	1	30-45	hs
2010	male	0	30-45	professional
1961	female	1	30-45	masters
2085	female	0	30-45	hs
870	male	0	18-30	hs
3000	female	0	45-60	bachelors
737	female	0	30-45	professional
2247	male	1	30-45	masters
706	female	0	18-30	professional
685	female	0	18-30	professional
1726	female	0	30-45	masters
2770	male	0	30-45	masters
2183	male	0	18-30	bachelors
3603	male	0	18-30	hs
977	male	0	18-30	hs
3781	female	1	30-45	hs
2932	female	0	45-60	hs
2740	female	1	45-60	bachelors
1753	male	0	18-30	hs
1966	male	0	18-30	hs
3337	female	1	30-45	bachelors
1246	male	0	18-30	hs
2065	male	0	30-45	professional
1216	male	0	18-30	professional
2358	male	0	18-30	hs
1462	male	0	18-30	professional
3053	female	0	18-30	hs
2994	female	1	18-30	bachelors
2942	female	1	30-45	bachelors
885	female	1	30-45	bachelors
129	female	0	18-30	bachelors
1517	female	0	30-45	professional
1733	female	0	30-45	hs
2246	female	0	18-30	bachelors
2726	male	0	18-30	hs
2521	male	1	18-30	bachelors
2883	female	0	18-30	professional
245	male	0	18-30	professional
3169	male	0	45-60	masters
2253	female	0	18-30	bachelors
2660	male	1	30-45	professional
1567	male	0	30-45	masters
1946	male	0	18-30	masters
545	female	0	30-45	bachelors
2728	male	1	18-30	bachelors
1337	male	0	18-30	hs
2615	female	0	45-60	hs
3149	male	0	18-30	bachelors
3336	female	1	18-30	bachelors
3166	male	0	30-45	professional
3130	male	0	18-30	hs
2042	female	0	45-60	masters
2920	male	0	18-30	bachelors
2503	female	0	18-30	hs
2558	female	0	18-30	hs
1754	male	0	30-45	masters
1414	male	0	18-30	hs
283	male	0	30-45	bachelors
1149	male	1	18-30	hs
1908	male	0	18-30	masters
1526	female	0	30-45	masters
2314	male	0	18-30	bachelors
253	female	0	18-30	hs
1665	female	1	30-45	masters
2539	male	0	Under 18	hs
1945	male	0	18-30	hs
560	male	0	30-45	doctorate
2092	male	0	18-30	bachelors
3590	male	0	18-30	bachelors
3887	male	1	18-30	bachelors
3761	male	0	45-60	bachelors
500	male	0	18-30	masters
2776	male	0	30-45	hs
3090	female	0	30-45	masters
3120	male	0	18-30	hs
3429	female	1	18-30	some
858	female	1	18-30	bachelors
3447	female	1	18-30	bachelors
1647	female	1	18-30	bachelors
2443	female	0	30-45	bachelors
2146	female	1	30-45	hs
985	male	1	30-45	bachelors
2971	male	0	30-45	professional
614	female	0	45-60	hs
2213	male	0	18-30	masters
1203	male	1	30-45	bachelors
1479	male	1	30-45	hs
1749	female	1	18-30	bachelors
2136	female	0	18-30	masters
1431	male	0	30-45	bachelors
3092	female	0		masters
347	male	0	18-30	masters
2377	female	1	30-45	bachelors
2407	male	0	30-45	professional
952	male	0	30-45	bachelors
1763	male	0	18-30	masters
2497	male	0	18-30	bachelors
2581	male	0	18-30	masters
821	male	0	18-30	hs
3829	male	0	30-45	masters
2099	male	0	18-30	professional
1252	male	0	18-30	bachelors
3899	male	0	30-45	hs
2335	male	0	30-45	masters
3536	female	1	45-60	masters
3740	female	1	45-60	hs
3255	male	0	18-30	professional
2155	male	0	30-45	masters
2413	female	1	45-60	bachelors
1796	male	1	30-45	hs
2351	male	0	30-45	professional
2767	male	0	18-30	hs
3163	female	0	30-45	masters
2825	female	1	18-30	some
1489	female	0	18-30	bachelors
1760	male	0	18-30	masters
2102	female	1	18-30	hs
1439	male	0	18-30	hs
2827	male	0	18-30	some
3492	female	0	18-30	hs
2975	female	0	18-30	bachelors
3685	male	0	30-45	masters
4038	female	1	18-30	bachelors
563	male	0	18-30	hs
3133	male	0	30-45	professional
2112	male	0	18-30	hs
2755	male	1	18-30	bachelors
3454	male	0	30-45	bachelors
2087	male	0	18-30	hs
1141	male	1	18-30	hs
3440	male	0	30-45	hs
1910	female	1	Over 60	hs
3059	female	0	Over 60	hs
3878	male	0	30-45	professional
1540	male	1	18-30	hs
3995	female	1	18-30	hs
2579	female	0	18-30	hs
2398	male	0	30-45	hs
1610	male	0	30-45	masters
2108	male	1	30-45	professional
2833	male	0	18-30	bachelors
2952	male	0	18-30	bachelors
2416	male	0	30-45	some
1166	male	0	30-45	professional
2774	female	0	18-30	bachelors
3886	male	1	Under 18	some
1790	male	0	30-45	bachelors
1841	male	0	18-30	bachelors
1906	female	0	18-30	bachelors
842	female	0	18-30	hs
3757	male	0	18-30	professional
2362	female	1	30-45	bachelors
814	male	0	18-30	hs
3318	male	1	18-30	hs
3086	male	0	18-30	masters
3253	female	0	30-45	hs
1967	female	0	30-45	professional
335	male	0	18-30	bachelors
2673	female	0	18-30	hs
1383	male	0	30-45	professional
3054	female	1	18-30	bachelors
2431	male	0	30-45	bachelors
1783	male	0	30-45	masters
3968	female	1	Under 18	bachelors
2991	male	0	18-30	hs
1344	female	0	30-45	professional
1816	male	0	18-30	bachelors
3641	male	0	30-45	masters
3924	male	0	18-30	bachelors
1744	male	0	18-30	masters
3189	male	0	18-30	masters
2395	male	0	18-30	hs
1859	male	0	30-45	masters
2523	female	0	18-30	bachelors
2682	male	0	45-60	hs
2909	male	0	18-30	bachelors
3505	male	1	30-45	hs
1729	male	0		bachelors
3290	female	1	18-30	masters
2629	male	0	18-30	masters
3109	male	1	45-60	hs
3519	male	0	Over 60	professional
1395	male	0	18-30	bachelors
808	male	0	18-30	bachelors
2880	male	0	45-60	hs
1193	female	0	18-30	bachelors
962	female	0	18-30	professional
3915	female	1	45-60	masters
3809	female	0	45-60	bachelors
2761	male	0	18-30	none
3403	female	0	18-30	masters
340	male	0	30-45	hs
2928	male	0	18-30	bachelors
902	male	0	18-30	bachelors
1311	male	0	18-30	hs
2794	male	0	18-30	hs
1855	female	0	18-30	hs
1554	female	1	18-30	masters
2544	male	0	18-30	bachelors
1628	male	0	18-30	some
1822	female	1	30-45	bachelors
743	male	0	18-30	hs
213	female	0	18-30	bachelors
3159	female	0	18-30	bachelors
1868	male	0	18-30	hs
3326	male	0	18-30	hs
3259	female	0	18-30	bachelors
695	male	0	18-30	bachelors
412	female	0	18-30	bachelors
2039	female	0	18-30	bachelors
3663	female	0	45-60	bachelors
1357	female	0	18-30	masters
2411	female	0	18-30	masters
691	female	0	18-30	masters
2820	male	0	18-30	bachelors
2725	female	1	18-30	hs
3693	male	0	18-30	bachelors
723	female	0	18-30	masters
1510	female	0	18-30	masters
2427	male	1	30-45	professional
3046	male	0	18-30	professional
4017	male	0	30-45	bachelors
2353	male	0	18-30	professional
1319	male	0	18-30	hs
3526	male	0	30-45	professional
3715	male	0	18-30	hs
3197	male	0	18-30	bachelors
4047	male	0	30-45	hs
3844	female	0	30-45	bachelors
1472	male	0	18-30	hs
2570	male	0	Under 18	hs
2438	female	0	18-30	masters
974	male	0	18-30	bachelors
1427	male	0	18-30	bachelors
3791	female	0	45-60	bachelors
3554	female	0	18-30	hs
3568	female	0	18-30	hs
629	male	0	30-45	masters
1347	male	0	18-30	bachelors
2311	female	1	18-30	hs
604	male	1	18-30	masters
1491	male	0	30-45	bachelors
3476	male	1	Over 60	hs
2986	female	0	30-45	masters
3889	male	1	18-30	bachelors
1196	male	0	18-30	bachelors
1930	female	0	30-45	bachelors
3826	female	1	30-45	masters
530	male	0	18-30	hs
47	male	0	18-30	bachelors
3616	female	0	45-60	hs
4022	male	1	45-60	bachelors
751	male	0	30-45	bachelors
2264	male	1	18-30	bachelors
2555	male	0	30-45	bachelors
860	male	0	18-30	bachelors
489	male	1	18-30	masters
2170	male	1	30-45	masters
2192	female	0	18-30	bachelors
3246	male	0	18-30	professional
3511	female	1	18-30	bachelors
1367	male	1	18-30	bachelors
3029	male	0	30-45	professional
3111	male	0	30-45	professional
3105	female	1	Over 60	doctorate
1103	female	1	18-30	bachelors
3381	female	0	18-30	masters
1858	male	0	18-30	masters
574	male	0	18-30	hs
2984	female	1	18-30	hs
1160	male	1	18-30	hs
2821	male	0	18-30	masters
534	male	0	30-45	bachelors
1747	male	1	30-45	doctorate
2586	female	0	18-30	masters
3405	male	0	30-45	bachelors
2951	male	1	45-60	hs
2324	male	0	18-30	bachelors
1504	male	1	30-45	bachelors
3170	male	0	18-30	hs
3801	female	1	30-45	masters
3891	female	1	30-45	bachelors
764	female	0	30-45	bachelors
3986	male	0	18-30	hs
2400	male	1	18-30	professional
2514	male	0	30-45	bachelors
3324	male	0	18-30	hs
2105	female	1	30-45	bachelors
3192	male	0	30-45	hs
2677	female	0	18-30	bachelors
2797	male	0	18-30	hs
549	male	0	18-30	bachelors
576	male	0	Under 18	hs
1572	male	0	18-30	bachelors
3217	male	0	18-30	hs
1373	female	1	30-45	masters
1801	female	0	18-30	bachelors
3144	male	0	18-30	bachelors
2771	male	1	18-30	bachelors
3973	female	1	18-30	bachelors
3140	female	0	18-30	bachelors
3138	female	0	18-30	bachelors
773	male	0	18-30	masters
3837	female	1	45-60	hs
313	male	0	30-45	masters
233	female	0	18-30	hs
923	female	1	30-45	bachelors
3247	female	1	45-60	hs
1182	female	0	30-45	bachelors
3277	male	1	45-60	hs
1442	male	0	18-30	hs
529	female	0	30-45	hs
2036	female	0	18-30	masters
393	female	0	18-30	masters
3876	female	1	30-45	bachelors
